{"run_id":"v1-1","house_id":"A-8","random":18.03921568627451,"snake":0.0,"spiral":0.0,"wall_follow":0.0}
{"run_id":"v1-2","house_id":"A-8","random":21.568627450980394,"snake":0.0,"spiral":0.0,"wall_follow":0.0}
{"run_id":"v1-3","house_id":"A-9","random":3.9215686274509802,"snake":0.0,"spiral":0.0,"wall_follow":0.0}
{"run_id":"v1-4","house_id":"A-10","random":24.313725490196077,"snake":0.0,"spiral":0.0,"wall_follow":0.0}
{"run_id":"v1-5","house_id":"A-10","random":30.19607843137255,"snake":0.0,"spiral":0.0,"wall_follow":0.0}
{"run_id":"v1-6","house_id":"A-10","random":10.196078431372548,"snake":0.0,"spiral":0.0,"wall_follow":0.0}
{"run_id":"v1-7","house_id":"A-10","random":14.50980392156863,"snake":0.0,"spiral":0.0,"wall_follow":0.0}
{"run_id":"v1-8","house_id":"A-10","random":14.50980392156863,"snake":0.0,"spiral":18.03921568627451,"wall_follow":0.0}
{"run_id":"v1-9","house_id":"A-10","random":5.098039215686274,"snake":0.0,"spiral":0.0,"wall_follow":0.0}
{"run_id":"v1-15","house_id":"A-0","random":51.76470588235295,"snake":3.1372549019607843,"spiral":70.19607843137254,"wall_follow":0.39215686274509803}
{"run_id":"v1-16","house_id":"A-0","random":70.98039215686275,"snake":0.0,"spiral":0.0,"wall_follow":0.0}
{"run_id":"v1-17","house_id":"A-0","random":56.07843137254902,"snake":0.0,"spiral":0.0,"wall_follow":0.0}
{"run_id":"v1-18","house_id":"A-10","random":10.196078431372548,"snake":0.0,"spiral":0.0,"wall_follow":0.0}
{"run_id":"v1-19","house_id":"A-10","random":14.50980392156863,"snake":0.0,"spiral":0.0,"wall_follow":0.0}
{"run_id":"v1-20","house_id":"A-10","random":14.50980392156863,"snake":0.0,"spiral":18.03921568627451,"wall_follow":0.0}
{"run_id":"v1-21","house_id":"A-10","random":5.098039215686274,"snake":0.0,"spiral":0.0,"wall_follow":0.0}
{"run_id":"v1-25","house_id":"B-0","random":19.215686274509807,"snake":0.0,"spiral":0.0,"wall_follow":0.0}
{"run_id":"v1-26","house_id":"A-0","random":19.607843137254903,"snake":0.0,"spiral":0.0,"wall_follow":0.0}
{"run_id":"v1-27","house_id":"A-0","random":27.84313725490196,"snake":0.0,"spiral":0.0,"wall_follow":0.0}
{"run_id":"v1-28","house_id":"A-13","random":13.725490196078432,"snake":0.0,"spiral":0.0,"wall_follow":0.0}
