{"run_id":"v1-1","house_id":"A-8","random":18.03921568627451,"snake":0.0,"spiral":0.0,"wall_follow":0.0}
{"run_id":"v1-2","house_id":"A-8","random":21.568627450980394,"snake":0.0,"spiral":0.0,"wall_follow":0.0}
{"run_id":"v1-3","house_id":"A-9","random":3.9215686274509802,"snake":0.0,"spiral":0.0,"wall_follow":0.0}
{"run_id":"v1-4","house_id":"A-10","random":24.313725490196077,"snake":0.0,"spiral":0.0,"wall_follow":0.0}
{"run_id":"v1-5","house_id":"A-10","random":30.19607843137255,"snake":0.0,"spiral":0.0,"wall_follow":0.0}
{"run_id":"v1-6","house_id":"A-10","random":10.196078431372548,"snake":0.0,"spiral":0.0,"wall_follow":0.0}
{"run_id":"v1-7","house_id":"A-10","random":14.50980392156863,"snake":0.0,"spiral":0.0,"wall_follow":0.0}
{"run_id":"v1-8","house_id":"A-10","random":14.50980392156863,"snake":0.0,"spiral":18.03921568627451,"wall_follow":0.0}
{"run_id":"v1-9","house_id":"A-10","random":5.098039215686274,"snake":0.0,"spiral":0.0,"wall_follow":0.0}
{"run_id":"v1-10","house_id":"A-16","random":43.13725490196079,"snake":0.0,"spiral":0.0,"wall_follow":0.0}
{"run_id":"v1-11","house_id":"A-17","random":35.68627450980392,"snake":0.0,"spiral":0.0,"wall_follow":0.0}
{"run_id":"v1-12","house_id":"A-17","random":43.92156862745098,"snake":0.39215686274509803,"spiral":33.33333333333333,"wall_follow":0.39215686274509803}
{"run_id":"v1-13","house_id":"A-17","random":0.0,"snake":0.0,"spiral":43.13725490196079,"wall_follow":0.0}
{"run_id":"v1-14","house_id":"A-18","random":10.980392156862745,"snake":0.0,"spiral":0.0,"wall_follow":0.0}
